itemType,key,label,type,key1,key2,type1,type2,properties
link,1-3,Controlla,Controls,1,3,Person,Organization,"{""Description"": {""value"": ""Controllo diretto del locale utilizzato come base operativa""}}"
link,2-4,Documenta Intercetazione Ambientale,Contains,2,4,Dossier,Document,"{""Description"": {""value"": ""Intercettazioni Ambientali""}}"
link,2-8,Documenta  Riciclaggio,Contains,2,8,Dossier,Document,"{""Description"": {""value"": ""Documentazione relativa a operazioni di riciclaggio""}}"
link,2-17,Documenta Coinvolgimento Politico,Contains,2,17,Dossier,Document,"{""Description"": {""value"": ""Intercettazioni politica""}}"
link,2-18,Intercetazione telefonica,Contains,2,18,Dossier,Document,"{""Description"": {""value"": ""Intercettazioni Telefoniche""}}"
link,4-5,Documenta,Involves,4,5,Document,Person,"{""Description"": {""value"": ""Coinvolgimento intercettazione Ambientale""}}"
link,3-19,CollocataIn,BasedIn,3,19,Organization,Location,"{""Description"": {""value"": ""Luogo fisico del locale utilizzato come base operativa""}}"
link,5-19,Frequenta,Attends,5,19,Person,Location,"{""Description"": {""value"": ""Frequentazione del locale""}}"
link,5-10,Gestisce,Manage,5,10,Person,Organization,"{""Description"": {""value"": """"}}"
link,1-13,Associato di,AssociatedWith,1,13,Person,Person,"{""Description"": {""value"": """"}}"
link,13-11,Autorizza,Autorizes,13,11,Person,Event,"{""Description"": {""value"": """"}}"
link,13-16,Frequenta,Attends,13,16,Person,Location,"{""Description"": {""value"": """"}}"
link,17-16,Avvenuta,TookPlaceAt,17,16,Document,Location,"{""Description"": {""value"": """"}}"
link,17-13,Coinvolge,involves,17,13,Document,Person,"{""Description"": {""value"": """"}}"
link,4-19,Avvenuta,TookPlaceAt,4,19,Document,Location,"{""Description"": {""value"": ""Intercettazione ambientale presso Bar Augusto""}}"
link,4-1,Coinvolge,Involves,4,1,Document,Person,"{""Description"": {""value"": ""Intercettazione di michele Senese ambientale presso Bar Augusto""}}"
link,9-10,Controlla,Controls,9,10,Person,Organization,"{""Description"": {""value"": ""Controllo della cooperativa per attività illecite""}}"
link,10-11,Avvenuta,MadePossible,10,11,Organization,Event,"{""Description"": {""value"": ""Assegnazione di appalti sospetta""}}"
link,1-7,Numero telefonico personale,Contact,1,7,Person,Phone,"{""Description"": {""value"": ""Numero di telefono personale di Michele Senese""}}"
link,18-7,Numero telefonico intercettato,Record,18,7,Document,Phone,"{""Description"": {""value"": ""Numero di telefono intercettato durante le indagini""}}"
link,18-12,Numero telefonico intercettato,Record,18,12,Document,Phone,"{""Description"": {""value"": ""Numero di telefono intercettato durante le indagini""}}"
link,12-7,Contatto,Contact,12,7,Phone,Phone,"{""Description"": {""value"": ""Contatti telefonici tra Salvatore Buzzi e Michele Senese""}}"
link,8-14,Coinvolge,Involves,8,14,Document,Organization,"{""Description"": {""value"": """"}}"
link,8-15,Coinvolge,Involves,8,15,Document,Organization,"{""Description"": {""value"": """"}}"
link,8-10,Coinvolge,Involves,8,10,Document,Person,"{""Description"": {""value"": ""Coinvolgimento di Franco Testa in operazioni di riciclaggio""}}"
link,14-6,Venditore di,Seller,14,6,Person,Location,"{""Description"": {""value"": ""Coinvolgimento di Franco Testa in operazioni di riciclaggio""}}"
link,8-6,Coinvolge,Involves,8,6,Document,Location,"{""Description"": {""value"": ""Coinvolgimento di Immobiliare Roma Sud in operazioni di riciclaggio""}}"
link,1-6,Possiede,Owns,1,6,Person,Location,"{""Description"": {""value"": ""Possedimenti Roma Sud""}}"
link,2-43,Documenta,Contains,2,43,Dossier,Document,"{""Description"": {""value"": ""La documentazione di attività illecite è parte dell'indagine principale.""}}"
link,20-24,Collegato,AssociatedWith,20,24,Person,Location,"{""Description"": {""value"": ""Giorgio Bianchi ha legami con la Sede Legale Roma.""}}"
link,20-21,Collegato,AssociatedWith,20,21,Person,Organization,"{""Description"": {""value"": ""Giorgio Bianchi ha legami con il Ristorante Da Michele.""}}"
link,20-23,Contatto,Contact,20,23,Person,Phone,"{""Description"": {""value"": ""Numero di telefono di Giorgio Bianchi per contatti diretti.""}}"
link,21-41,Contatto,Contact,41,44,Person,Phone,"{""Description"": {""value"": ""Giorgio Bianchi ha questo numero di telefono per contatti diretti.""}}"
link,23-42,Coinvolge,Involves,43,42,Document,Organization,"{""Description"": {""value"": ""Il ristorante è stato utilizzato per incontri documentati.""}}"
link,24-41,Collegato,AssociatedWith,24,41,Person,Organization,"{""Description"": {""value"": ""Giorgio Bianchi ha legami con il Ristorante Da Michele.""}}"
link,25-45,CollocatoIn,BasedIn,25,45,Organization,Location,"{""Description"": {""value"": ""Il ristorante ha sede legale in Roma.""}}"
link,2-48,Documenta Intercettazione,Contains,2,48,Dossier,Document,"{""Description"": {""value"": ""Intercettazione telefonica di Marco Rossi, parte dell'indagine principale.""}}"
link,46-47,Utilizza,Uses,46,47,Person,Vehicle,"{""Description"": {""value"": ""Marco Rossi utilizza l'auto blu per il trasporto di documenti illeciti.""}}"
link,46-50,Contatto,Contact,46,50,Person,Phone,"{""Description"": {""value"": ""Numero di telefono di Marco Rossi per contatti illeciti.""}}"
link,46-49,Incontra,MeetsAt,46,49,Person,Location,"{""Description"": {""value"": ""Marco Rossi utilizza l'indirizzo di Via Roma 10 per incontri segreti.""}}"
link,48-50,Intercetta,Records,48,50,Document,Phone,"{""Description"": {""value"": ""Numero di telefono intercettato durante le indagini su Marco Rossi.""}}"
link,48-46,Coinvolge,Involves,48,46,Document,Person,"{""Description"": {""value"": ""Intercettazione telefonica che coinvolge Marco Rossi.""}}"
link,2-53,Documenta Intercettazione Esposito,Contains,2,53,Dossier,Document,"{""Description"": {""value"": ""Intercettazione telefonica di Giovanni Esposito, parte dell'indagine principale.""}}"
link,51-52,Incontra,MeetsAt,51,52,Person,Location,"{""Description"": {""value"": ""Giovanni Esposito utilizza l'indirizzo di Via Napoli 20 per incontri segreti con Marco Rossi.""}}"
link,51-54,Contatto,Contact,51,54,Person,Phone,"{""Description"": {""value"": ""Numero di telefono di Giovanni Esposito per contatti illeciti.""}}"
link,53-54,Intercetta,Records,53,54,Document,Phone,"{""Description"": {""value"": ""Numero di telefono intercettato durante le indagini su Giovanni Esposito.""}}"
link,53-51,Coinvolge,Involves,53,51,Document,Person,"{""Description"": {""value"": ""Intercettazione telefonica che coinvolge Giovanni Esposito.""}}"
link,46-51,Collega,AssociatedWith,46,51,Person,Person,"{""Description"": {""value"": ""Marco Rossi è collegato a Giovanni Esposito nelle attività di riciclaggio.""}}"
link,2-55,Documenta Bar,Contains,2,55,Dossier,Document,"{""Description"": {""value"": ""Nota di sorveglianza inclusa nel fascicolo principale""}}"
link,55-56,Coinvolge Bar,Involves,55,56,Document,Organization,"{""Description"": {""value"": ""La nota riguarda le attività presso il Bar Centro""}}"
link,55-57,Coinvolge Gestore,Involves,55,57,Document,Person,"{""Description"": {""value"": ""La nota documenta il coinvolgimento del gestore del bar""}}"
link,56-58,Situato,BasedIn,56,58,Organization,Location,"{""Description"": {""value"": ""Indirizzo del Bar Centro""}}"
link,57-56,Gestisce,Controls,57,56,Person,Organization,"{""Description"": {""value"": ""Antonio Verdi gestisce il Bar Centro""}}"
link,56-59,Contatto Bar,Contact,56,59,Organization,Phone,"{""Description"": {""value"": ""Numero telefonico del Bar Centro""}}"
link,46-56,Frequenta,Attends,46,56,Person,Organization,"{""Description"": {""value"": ""Marco Rossi frequenta il Bar Centro""}}"
link,51-56,Frequenta,Attends,51,56,Person,Organization,"{""Description"": {""value"": ""Giovanni Esposito frequenta il Bar Centro""}}"
link,2-60,Documenta Garage,Contains,2,60,Dossier,Document,"{""Description"": {""value"": ""Nota sulle riunioni segrete inclusa nel fascicolo principale""}}"
link,60-61,Coinvolge Garage,Involves,60,61,Document,Organization,"{""Description"": {""value"": ""La nota documenta le attività presso il Garage Milano""}}"
link,60-62,Coinvolge Proprietario,Involves,60,62,Document,Person,"{""Description"": {""value"": ""La nota documenta il coinvolgimento del proprietario del garage""}}"
link,61-63,Situato,BasedIn,61,63,Organization,Location,"{""Description"": {""value"": ""Indirizzo del Garage Milano""}}"
link,62-61,Gestisce,Controls,62,61,Person,Organization,"{""Description"": {""value"": ""Roberto Ferrari gestisce il Garage Milano""}}"
link,61-64,Contatto Garage,Contact,61,64,Organization,Phone,"{""Description"": {""value"": ""Numero telefonico del Garage Milano""}}"
link,62-65,Utilizza,Uses,62,65,Person,Vehicle,"{""Description"": {""value"": ""Roberto Ferrari utilizza il furgone per trasporto documenti""}}"
link,46-61,Frequenta,Attends,46,61,Person,Organization,"{""Description"": {""value"": ""Marco Rossi frequenta il Garage Milano""}}"
link,51-61,Frequenta,Attends,51,61,Person,Organization,"{""Description"": {""value"": ""Giovanni Esposito frequenta il Garage Milano""}}"
link,62-56,AssociatoCon,AssociatedWith,62,57,Person,Person,"{""Description"": {""value"": ""Roberto Ferrari è associato con Antonio Verdi nelle attività illecite""}}"
link,2-66,Documenta Banca,Contains,2,66,Dossier,Document,"{""Description"": {""value"": ""Nota sulle operazioni bancarie sospette inclusa nel fascicolo principale""}}"
link,66-67,Coinvolge Banca,Involves,66,67,Document,Organization,"{""Description"": {""value"": ""La nota documenta le attività presso il Banco Milano""}}"
link,66-68,Coinvolge Direttore,Involves,66,68,Document,Person,"{""Description"": {""value"": ""La nota documenta il coinvolgimento del direttore di filiale""}}"
link,67-69,Situato,BasedIn,67,69,Organization,Location,"{""Description"": {""value"": ""Indirizzo della filiale bancaria""}}"
link,68-67,Gestisce,Controls,68,67,Person,Organization,"{""Description"": {""value"": ""Luigi Conti gestisce la filiale bancaria""}}"
link,68-70,Contatto,Contact,68,70,Person,Phone,"{""Description"": {""value"": ""Numero telefonico di Luigi Conti""}}"
link,66-71,Contiene,Contains,66,71,Document,Document,"{""Description"": {""value"": ""La nota include documentazione bancaria dettagliata""}}"
link,46-68,AssociatoCon,AssociatedWith,46,68,Person,Person,"{""Description"": {""value"": ""Marco Rossi è collegato a Luigi Conti per operazioni di riciclaggio""}}"
link,51-67,Frequenta,Attends,51,67,Person,Organization,"{""Description"": {""value"": ""Giovanni Esposito frequenta la filiale bancaria""}}"
link,2-72,Documenta Immobili,Contains,2,72,Dossier,Document,"{""Description"": {""value"": ""Nota sulle transazioni immobiliari sospette inclusa nel fascicolo principale""}}"
link,72-73,Coinvolge Agenzia,Involves,72,73,Document,Organization,"{""Description"": {""value"": ""La nota documenta le attività presso l'Immobiliare Luna""}}"
link,72-74,Coinvolge Amministratore,Involves,72,74,Document,Person,"{""Description"": {""value"": ""La nota documenta il coinvolgimento dell'amministratore dell'agenzia""}}"
link,73-75,Situato,BasedIn,73,75,Organization,Location,"{""Description"": {""value"": ""Indirizzo dell'Immobiliare Luna""}}"
link,74-73,Gestisce,Controls,74,73,Person,Organization,"{""Description"": {""value"": ""Carlo Moretti gestisce l'Immobiliare Luna""}}"
link,73-76,Contatto Agenzia,Contact,73,76,Organization,Phone,"{""Description"": {""value"": ""Numero telefonico dell'Immobiliare Luna""}}"
link,72-77,Contiene,Contains,72,77,Document,Document,"{""Description"": {""value"": ""La nota include documentazione dettagliata sulle transazioni immobiliari""}}"
link,74-68,AssociatoCon,AssociatedWith,74,68,Person,Person,"{""Description"": {""value"": ""Carlo Moretti è collegato a Luigi Conti per operazioni di riciclaggio""}}"
link,46-73,Frequenta,Attends,46,73,Person,Organization,"{""Description"": {""value"": ""Marco Rossi frequenta l'Immobiliare Luna""}}"
link,51-73,Frequenta,Attends,51,73,Person,Organization,"{""Description"": {""value"": ""Giovanni Esposito frequenta l'Immobiliare Luna""}}"
link,2-78,Documenta Trasporti,Contains,2,78,Dossier,Document,"{""Description"": {""value"": ""Nota sui trasporti sospetti inclusa nel fascicolo principale""}}"
link,78-79,Coinvolge Trasporti,Involves,78,79,Document,Organization,"{""Description"": {""value"": ""La nota documenta le attività della Trasporti Veloci""}}"
link,78-80,Coinvolge Proprietario,Involves,78,80,Document,Person,"{""Description"": {""value"": ""La nota documenta il coinvolgimento del proprietario dell'azienda""}}"
link,79-81,Situato,BasedIn,79,81,Organization,Location,"{""Description"": {""value"": ""Sede operativa della Trasporti Veloci""}}"
link,80-79,Gestisce,Controls,80,79,Person,Organization,"{""Description"": {""value"": ""Paolo Ricci gestisce la Trasporti Veloci""}}"
link,79-82,Contatto Azienda,Contact,79,82,Organization,Phone,"{""Description"": {""value"": ""Numero telefonico della Trasporti Veloci""}}"
link,80-83,Utilizza,Uses,80,83,Person,Vehicle,"{""Description"": {""value"": ""Paolo Ricci utilizza il camion per trasporti sospetti""}}"
link,78-84,Contiene,Contains,78,84,Document,Document,"{""Description"": {""value"": ""La nota include documentazione dettagliata sulle spedizioni""}}"
link,80-74,AssociatoCon,AssociatedWith,80,74,Person,Person,"{""Description"": {""value"": ""Paolo Ricci è collegato a Carlo Moretti per operazioni illecite""}}"
link,80-68,AssociatoCon,AssociatedWith,80,68,Person,Person,"{""Description"": {""value"": ""Paolo Ricci è collegato a Luigi Conti per movimentazione denaro""}}"
link,46-79,Frequenta,Attends,46,79,Person,Organization,"{""Description"": {""value"": ""Marco Rossi frequenta la sede della Trasporti Veloci""}}"
link,2-85,Documenta Exchange,Contains,2,85,Dossier,Document,"{""Description"": {""value"": ""Nota sulle operazioni di cambio valuta sospette inclusa nel fascicolo principale""}}"
link,85-86,Coinvolge Exchange,Involves,85,86,Document,Organization,"{""Description"": {""value"": ""La nota documenta le attività presso il Quick Money Exchange""}}"
link,85-87,Coinvolge Titolare,Involves,85,87,Document,Person,"{""Description"": {""value"": ""La nota documenta il coinvolgimento della titolare dell'attività""}}"
link,86-88,Situato,BasedIn,86,88,Organization,Location,"{""Description"": {""value"": ""Indirizzo del Quick Money Exchange""}}"
link,87-86,Gestisce,Controls,87,86,Person,Organization,"{""Description"": {""value"": ""Sofia Romano gestisce il Quick Money Exchange""}}"
link,86-89,Contatto Exchange,Contact,86,89,Organization,Phone,"{""Description"": {""value"": ""Numero telefonico del Quick Money Exchange""}}"
link,85-90,Contiene,Contains,85,90,Document,Document,"{""Description"": {""value"": ""La nota include il registro delle operazioni sospette""}}"
link,87-91,Utilizza,Uses,87,91,Person,Vehicle,"{""Description"": {""value"": ""Sofia Romano utilizza l'auto per trasporto contanti""}}"
link,87-68,AssociatoCon,AssociatedWith,87,68,Person,Person,"{""Description"": {""value"": ""Sofia Romano è collegata a Luigi Conti per operazioni di riciclaggio""}}"
link,87-74,AssociatoCon,AssociatedWith,87,74,Person,Person,"{""Description"": {""value"": ""Sofia Romano è collegata a Carlo Moretti per movimentazione denaro""}}"
link,46-86,Frequenta,Attends,46,86,Person,Organization,"{""Description"": {""value"": ""Marco Rossi frequenta il Quick Money Exchange""}}"
link,51-86,Frequenta,Attends,51,86,Person,Organization,"{""Description"": {""value"": ""Giovanni Esposito frequenta il Quick Money Exchange""}}"
link,2-85,Documenta Exchange,Contains,2,85,Dossier,Document,"{""Description"": {""value"": ""Nota sulle operazioni di cambio valuta sospette inclusa nel fascicolo principale""}}"
link,85-86,Coinvolge Exchange,Involves,85,86,Document,Organization,"{""Description"": {""value"": ""La nota documenta le attività presso il Quick Money Exchange""}}"
link,85-87,Coinvolge Titolare,Involves,85,87,Document,Person,"{""Description"": {""value"": ""La nota documenta il coinvolgimento della titolare dell'attività""}}"
link,86-88,Situato,BasedIn,86,88,Organization,Location,"{""Description"": {""value"": ""Indirizzo del Quick Money Exchange""}}"
link,87-86,Gestisce,Controls,87,86,Person,Organization,"{""Description"": {""value"": ""Sofia Romano gestisce il Quick Money Exchange""}}"
link,86-89,Contatto Exchange,Contact,86,89,Organization,Phone,"{""Description"": {""value"": ""Numero telefonico del Quick Money Exchange""}}"
link,85-90,Contiene,Contains,85,90,Document,Document,"{""Description"": {""value"": ""La nota include il registro delle operazioni sospette""}}"
link,87-91,Utilizza,Uses,87,91,Person,Vehicle,"{""Description"": {""value"": ""Sofia Romano utilizza l'auto per trasporto contanti""}}"
link,87-68,AssociatoCon,AssociatedWith,87,68,Person,Person,"{""Description"": {""value"": ""Sofia Romano è collegata a Luigi Conti per operazioni di riciclaggio""}}"
link,87-74,AssociatoCon,AssociatedWith,87,74,Person,Person,"{""Description"": {""value"": ""Sofia Romano è collegata a Carlo Moretti per movimentazione denaro""}}"
link,46-86,Frequenta,Attends,46,86,Person,Organization,"{""Description"": {""value"": ""Marco Rossi frequenta il Quick Money Exchange""}}"
link,51-86,Frequenta,Attends,51,86,Person,Organization,"{""Description"": {""value"": ""Giovanni Esposito frequenta il Quick Money Exchange""}}"
link,2-92,Documenta Collegamenti,Contains,2,92,Dossier,Document,"{""Description"": {""value"": ""Nota sui collegamenti internazionali inclusa nel fascicolo principale""}}"
link,92-93,Coinvolge Agenzia,Involves,92,93,Document,Organization,"{""Description"": {""value"": ""La nota documenta le attività della Global Travel Agency""}}"
link,92-94,Coinvolge Titolare,Involves,92,94,Document,Person,"{""Description"": {""value"": ""La nota documenta il coinvolgimento della titolare dell'agenzia""}}"
link,93-95,Situato,BasedIn,93,95,Organization,Location,"{""Description"": {""value"": ""Indirizzo della Global Travel Agency""}}"
link,94-93,Gestisce,Controls,94,93,Person,Organization,"{""Description"": {""value"": ""Elena Costa gestisce la Global Travel Agency""}}"
link,93-96,Contatto Agenzia,Contact,93,96,Organization,Phone,"{""Description"": {""value"": ""Numero telefonico della Global Travel Agency""}}"
link,92-97,Contiene,Contains,92,97,Document,Document,"{""Description"": {""value"": ""La nota include documentazione sui viaggi""}}"
link,94-98,Utilizza,Uses,94,98,Person,Vehicle,"{""Description"": {""value"": ""Elena Costa utilizza il BMW X5 per trasferimenti""}}"
link,94-87,AssociatoCon,AssociatedWith,94,87,Person,Person,"{""Description"": {""value"": ""Elena Costa è collegata a Sofia Romano per movimentazione denaro internazionale""}}"
link,94-74,AssociatoCon,AssociatedWith,94,74,Person,Person,"{""Description"": {""value"": ""Elena Costa è collegata a Carlo Moretti per operazioni immobiliari estere""}}"
link,46-93,Frequenta,Attends,46,93,Person,Organization,"{""Description"": {""value"": ""Marco Rossi frequenta la Global Travel Agency""}}"
link,51-93,Frequenta,Attends,51,93,Person,Organization,"{""Description"": {""value"": ""Giovanni Esposito frequenta la Global Travel Agency""}}"
link,2-99,Documenta Hotel,Contains,2,99,Dossier,Document,"{""Description"": {""value"": ""Nota sulle attività dell'Hotel Royal inclusa nel fascicolo principale""}}"
link,99-100,Coinvolge Hotel,Involves,99,100,Document,Organization,"{""Description"": {""value"": ""La nota documenta le attività presso l'Hotel Royal""}}"
link,99-101,Coinvolge Direttore,Involves,99,101,Document,Person,"{""Description"": {""value"": ""La nota documenta il coinvolgimento del direttore dell'hotel""}}"
link,100-102,Situato,BasedIn,100,102,Organization,Location,"{""Description"": {""value"": ""Indirizzo dell'Hotel Royal""}}"
link,101-100,Gestisce,Controls,101,100,Person,Organization,"{""Description"": {""value"": ""Marco Belli gestisce l'Hotel Royal""}}"
link,100-103,Contatto Hotel,Contact,100,103,Organization,Phone,"{""Description"": {""value"": ""Numero telefonico dell'Hotel Royal""}}"
link,99-104,Contiene,Contains,99,104,Document,Document,"{""Description"": {""value"": ""La nota include i registri delle prenotazioni""}}"
link,101-105,Utilizza,Uses,101,105,Person,Vehicle,"{""Description"": {""value"": ""Marco Belli utilizza la Mercedes per trasporto ospiti""}}"
link,101-94,AssociatoCon,AssociatedWith,101,94,Person,Person,"{""Description"": {""value"": ""Marco Belli è collegato a Elena Costa per organizzazione soggiorni clienti esteri""}}"
link,101-87,AssociatoCon,AssociatedWith,101,87,Person,Person,"{""Description"": {""value"": ""Marco Belli è collegato a Sofia Romano per operazioni di riciclaggio""}}"
link,100-93,Partnership,Associates,100,93,Organization,Organization,"{""Description"": {""value"": ""Collaborazione tra Hotel Royal e Global Travel Agency""}}"
link,46-100,Frequenta,Attends,46,100,Person,Organization,"{""Description"": {""value"": ""Marco Rossi frequenta l'Hotel Royal""}}"
link,2-131,Documenta Sala Giochi,Contains,2,131,Dossier,Document,"{""Description"": {""value"": ""Nota sulle attività della Sala Giochi Vegas inclusa nel fascicolo principale""}}"
link,131-132,Coinvolge Sala Giochi,Involves,131,132,Document,Organization,"{""Description"": {""value"": ""La nota documenta le attività presso la Sala Giochi Vegas""}}"
link,131-133,Coinvolge Gestore,Involves,131,133,Document,Person,"{""Description"": {""value"": ""La nota documenta il coinvolgimento del gestore della sala giochi""}}"
link,132-134,Situato,BasedIn,132,134,Organization,Location,"{""Description"": {""value"": ""Indirizzo della Sala Giochi Vegas""}}"
link,133-132,Gestisce,Controls,133,132,Person,Organization,"{""Description"": {""value"": ""Fabio Leone gestisce la Sala Giochi Vegas""}}"
link,132-135,Contatto Sala,Contact,132,135,Organization,Phone,"{""Description"": {""value"": ""Numero telefonico della Sala Giochi Vegas""}}"
link,131-136,Contiene,Contains,131,136,Document,Document,"{""Description"": {""value"": ""La nota include il registro delle vincite""}}"
link,133-137,Utilizza,Uses,133,137,Person,Vehicle,"{""Description"": {""value"": ""Fabio Leone utilizza l'Audi A6""}}"
link,133-87,AssociatoCon,AssociatedWith,133,87,Person,Person,"{""Description"": {""value"": ""Fabio Leone è collegato a Sofia Romano per operazioni di riciclaggio""}}"
link,133-126,AssociatoCon,AssociatedWith,133,126,Person,Person,"{""Description"": {""value"": ""Fabio Leone è collegato a Davide Russo per movimentazione crypto""}}"
link,132-125,Partnership,Associates,132,125,Organization,Organization,"{""Description"": {""value"": ""Collaborazione tra Sala Giochi Vegas e BitFast Exchange per riciclaggio""}}"
link,46-132,Frequenta,Attends,46,132,Person,Organization,"{""Description"": {""value"": ""Marco Rossi frequenta la Sala Giochi Vegas""}}"
link,51-132,Frequenta,Attends,51,132,Person,Organization,"{""Description"": {""value"": ""Giovanni Esposito frequenta la Sala Giochi Vegas""}}"
link,2-138,Documenta Operazioni Finanziarie,Contains,2,138,Dossier,Document,"{""Description"": {""value"": ""Nota sulle operazioni finanziarie sospette""}}"
link,138-139,Coinvolge,Involves,138,139,Document,Person,"{""Description"": {""value"": ""La nota documenta il coinvolgimento di Giovanni Bianchi""}}"
link,138-140,Coinvolge,Involves,138,140,Document,Location,"{""Description"": {""value"": ""La nota documenta le attività presso Via Roma 123""}}"
link,139-140,Frequenta,Attends,139,140,Person,Location,"{""Description"": {""value"": ""Giovanni Bianchi frequenta Via Roma 123 per le operazioni finanziarie""}}"
link,139-141,Contatto,Contact,139,141,Person,Phone,"{""Description"": {""value"": ""Numero di telefono di Giovanni Bianchi""}}"
link,139-142,Utilizza,Uses,139,142,Person,Vehicle,"{""Description"": {""value"": ""Giovanni Bianchi utilizza la BMW X6""}}"
link,141-142,Contatto,Contact,141,142,Phone,Vehicle,"{""Description"": {""value"": ""Telefono utilizzato per contatti relativi alla BMW X6""}}"
link,2-148,Documenta Operazioni Internazionali,Contains,2,148,Dossier,Document,"{""Description"": {""value"": ""Nota sulle operazioni internazionali sospette""}}"
link,148-149,Coinvolge,Involves,148,149,Document,Person,"{""Description"": {""value"": ""La nota documenta il coinvolgimento di Alberto Conti""}}"
link,148-150,Coinvolge,Involves,148,150,Document,Location,"{""Description"": {""value"": ""La nota documenta le attività presso Via Firenze 50""}}"
link,149-150,Frequenta,Attends,149,150,Person,Location,"{""Description"": {""value"": ""Alberto Conti frequenta Via Firenze 50 per le operazioni internazionali""}}"
link,149-151,Contatto,Contact,149,151,Person,Phone,"{""Description"": {""value"": ""Numero di telefono di Alberto Conti""}}"
link,149-152,Utilizza,Uses,149,152,Person,Vehicle,"{""Description"": {""value"": ""Alberto Conti utilizza la Range Rover Evoque""}}"
link,151-152,Contatto,Contact,151,152,Phone,Vehicle,"{""Description"": {""value"": ""Telefono utilizzato per contatti relativi alla Range Rover Evoque""}}"
link,149-5,AssociatoCon,AssociatedWith,149,5,Person,Person,"{""Description"": {""value"": ""Alberto Conti è collegato a Massimo Carminati per operazioni internazionali""}}"
link,150-6,Situato,BasedIn,150,6,Location,Location,"{""Description"": {""value"": ""Sede delle operazioni internazionali presso Immobiliare Roma Sud""}}"
link,149-7,Contatto,Contact,149,7,Person,Phone,"{""Description"": {""value"": ""Numero di telefono di Alberto Conti per contatti con Carminati""}}"
link,149-8,CoinvoltoIn,InvolvedIn,149,8,Person,Document,"{""Description"": {""value"": ""Alberto Conti coinvolto nella documentazione di riciclaggio""}}"
link,149-9,AssociatoCon,AssociatedWith,149,9,Person,Person,"{""value"": ""Alberto Conti è collegato a Salvatore Buzzi per operazioni internazionali""}}"
link,149-10,Gestisce,Manages,149,10,Person,Organization,"{""value"": ""Alberto Conti gestisce la Cooperativa 29 Giugno per operazioni internazionali""}}"
link,149-11,Partecipato,ParticipatedIn,149,11,Person,Event,"{""value"": ""Alberto Conti ha partecipato all'assegnazione di appalti sospetti""}}"
link,2-153,Documenta Operazioni Logistiche,Contains,2,153,Dossier,Document,"{""Description"": {""value"": ""Nota sulle operazioni logistiche sospette""}}"
link,153-154,Coinvolge,Involves,153,154,Document,Person,"{""Description"": {""value"": ""La nota documenta il coinvolgimento di Giuseppe Rossi""}}"
link,153-155,Coinvolge,Involves,153,155,Document,Location,"{""Description"": {""value"": ""La nota documenta le attività presso Via Logistica 300""}}"
link,154-155,Frequenta,Attends,154,155,Person,Location,"{""Description"": {""value"": ""Giuseppe Rossi frequenta Via Logistica 300 per le operazioni logistiche""}}"
link,154-156,Contatto,Contact,154,156,Person,Phone,"{""Description"": {""value"": ""Numero di telefono di Giuseppe Rossi""}}"
link,154-157,Utilizza,Uses,154,157,Person,Vehicle,"{""Description"": {""value"": ""Giuseppe Rossi utilizza il Volvo FH16""}}"
link,156-157,Contatto,Contact,156,157,Phone,Vehicle,"{""Description"": {""value"": ""Telefono utilizzato per contatti relativi al Volvo FH16""}}"
link,154-67,AssociatoCon,AssociatedWith,154,67,Person,Organization,"{""Description"": {""value"": ""Giuseppe Rossi è collegato al Banco Milano per operazioni logistiche""}}"
link,155-81,Situato,BasedIn,155,81,Location,Location,"{""Description"": {""value"": ""Sede delle operazioni logistiche presso Via Industriale 100""}}"
link,154-9,AssociatoCon,AssociatedWith,154,9,Person,Person,"{""Description"": {""value"": ""Giuseppe Rossi è collegato a Salvatore Buzzi per operazioni logistiche""}}"
link,154-10,Gestisce,Manages,154,10,Person,Organization,"{""Description"": {""value"": ""Giuseppe Rossi gestisce la Trasporti Veloci per operazioni logistiche""}}"
link,154-11,Partecipato,ParticipatedIn,154,11,Person,Event,"{""Description"": {""value"": ""Giuseppe Rossi ha partecipato all'assegnazione di appalti sospetti""}}"
link,2-183,Documenta Operazioni Finanziarie Internazionali,Contains,2,183,Dossier,Document,"{""Description"": {""value"": ""Nota sulle operazioni finanziarie internazionali sospette""}}"
link,183-184,Coinvolge,Involves,183,184,Document,Person,"{""Description"": {""value"": ""La nota documenta il coinvolgimento di Giulia Verdi""}}"
link,183-185,Coinvolge,Involves,183,185,Document,Location,"{""Description"": {""value"": ""La nota documenta le attività presso Via Europa 50""}}"
link,184-185,Frequenta,Attends,184,185,Person,Location,"{""Description"": {""value"": ""Giulia Verdi frequenta Via Europa 50 per le operazioni finanziarie internazionali""}}"
link,184-186,Contatto,Contact,184,186,Person,Phone,"{""Description"": {""value"": ""Numero di telefono di Giulia Verdi""}}"
link,184-187,Utilizza,Uses,184,187,Person,Vehicle,"{""Description"": {""value"": ""Giulia Verdi utilizza la Mercedes GLC""}}"
link,186-187,Contatto,Contact,186,187,Phone,Vehicle,"{""Description"": {""value"": ""Telefono utilizzato per contatti relativi alla Mercedes GLC""}}"
link,184-67,AssociatoCon,AssociatedWith,184,67,Person,Organization,"{""Description"": {""value"": ""Giulia Verdi è collegata al Banco Milano per operazioni finanziarie internazionali""}}"
link,185-81,Situato,BasedIn,185,81,Location,Location,"{""Description"": {""value"": ""Sede delle operazioni finanziarie internazionali presso Via Industriale 100""}}"
link,184-9,AssociatoCon,AssociatedWith,184,9,Person,Person,"{""Description"": {""value"": ""Giulia Verdi è collegata a Salvatore Buzzi per operazioni finanziarie internazionali""}}"


link,45-19,Frequenta,Attends,45,19,Person,Location,"{""Description"": {""value"": ""Frequentazione regolare del Bar Augusto da parte del soggetto""}}"
link,3-67,Controlla,Controls,3,67,Organization,Location,"{""Description"": {""value"": ""Gestione di altra attività commerciale collegata""}}"
link,56-19,Documenta,Contains,56,19,Document,Location,"{""Description"": {""value"": ""Documentazione relativa alle attività presso il Bar Augusto""}}"
link,3-78,CollocataIn,BasedIn,3,78,Organization,Location,"{""Description"": {""value"": ""Collegamento con altra sede operativa""}}"
link,65-19,Sorveglianza,Monitors,65,19,Organization,Location,"{""Description"": {""value"": ""Attività di sorveglianza presso il Bar Augusto""}}"
link,3-82,Partnership,Associates,3,82,Organization,Organization,"{""Description"": {""value"": ""Collegamenti con altra attività commerciale""}}"
link,71-19,Intercettazione,Records,71,19,Document,Location,"{""Description"": {""value"": ""Nuove attività di intercettazione presso il locale""}}"
link,3-88,Finanziamento,Funds,3,88,Organization,Organization,"{""Description"": {""value"": ""Flussi finanziari verso altra società collegata""}}"
link,57-3,Frequenta,Attends,57,3,Person,Organization,"{""Description"": {""value"": ""Antonio Verdi frequenta regolarmente il Bar Augusto per incontri con membri dell'organizzazione""}}"
link,61-3,Partnership,Associates,61,3,Organization,Organization,"{""Description"": {""value"": ""Collegamenti operativi tra Garage Milano e Bar Augusto per attività illecite""}}"
link,62-19,Frequenta,Attends,62,19,Person,Location,"{""Description"": {""value"": ""Roberto Ferrari visita regolarmente il Bar Augusto per coordinare attività""}}"
link,68-19,Frequenta,Attends,68,19,Person,Location,"{""Description"": {""value"": ""Luigi Conti incontra altri membri dell'organizzazione al Bar Augusto""}}"
link,71-3,Documenta,Documents,71,3,Document,Organization,"{""Description"": {""value"": ""Documentazione bancaria include riferimenti alle attività del Bar Augusto""}}"
link,74-3,Partnership,Associates,74,3,Person,Organization,"{""Description"": {""value"": ""Carlo Moretti mantiene collegamenti operativi con il Bar Augusto""}}"
link,79-3,Trasporta,Transports,79,3,Organization,Organization,"{""Description"": {""value"": ""Trasporti Veloci effettua consegne sospette al Bar Augusto""}}"
link,80-19,Frequenta,Attends,80,19,Person,Location,"{""Description"": {""value"": ""Paolo Ricci frequenta il Bar Augusto per coordinare le consegne""}}"
link,83-19,Utilizzato,UsedAt,83,19,Vehicle,Location,"{""Description"": {""value"": ""Il Mercedes Actros effettua consegne notturne al Bar Augusto""}}"
link,87-3,Partnership,Associates,87,3,Person,Organization,"{""Description"": {""value"": ""Sofia Romano mantiene collegamenti finanziari con il Bar Augusto""}}"
link,3-86,Riciclaggio,MoneyLaundering,3,86,Organization,Organization,"{""Description"": {""value"": ""Operazioni di riciclaggio tra Bar Augusto e Quick Money Exchange""}}"
link,72-3,Documenta,Documents,72,3,Document,Organization,"{""Description"": {""value"": ""Nota immobili include riferimenti al Bar Augusto come punto di incontro""}}"
link,78-3,DocumentazioneTrasporti,Documents,78,3,Document,Organization,"{""Description"": {""value"": ""Note sui trasporti documentano consegne sospette al Bar Augusto""}}"
link,19-87,IncontriOperativi,Attends,87,19,Person,Location,"{""Description"": {""value"": ""Sofia Romano incontra altri membri dell'organizzazione al Bar Augusto""}}"
link,19-80,Frequentazione,Attends,80,19,Person,Location,"{""Description"": {""value"": ""Paolo Ricci coordina le consegne presso il Bar Augusto""}}"
link,19-74,IncontriRegolari,Attends,74,19,Person,Location,"{""Description"": {""value"": ""Carlo Moretti utilizza il Bar Augusto per incontri con altri membri dell'organizzazione""}}"
link,3-73,CollegamentoImmobiliare,Associates,3,73,Organization,Organization,"{""Description"": {""value"": ""Collegamenti tra Bar Augusto e Immobiliare Luna per operazioni di riciclaggio""}}"
link,2-106,Documenta Logistica,Contains,2,106,Dossier,Document,"{""Description"": {""value"": ""Nota sulle attività logistiche sospette inclusa nel fascicolo principale""}}"
link,106-107,Coinvolge Logistica,Involves,106,107,Document,Organization,"{""Description"": {""value"": ""La nota documenta le attività della Logistica Rapida""}}"
link,106-108,Coinvolge Proprietario,Involves,106,108,Document,Person,"{""Description"": {""value"": ""La nota documenta il coinvolgimento del proprietario dell'azienda""}}"
link,107-109,Situato,BasedIn,107,109,Organization,Location,"{""Description"": {""value"": ""Sede operativa della Logistica Rapida""}}"
link,108-107,Gestisce,Controls,108,107,Person,Organization,"{""Description"": {""value"": ""Giuseppe Verdi gestisce la Logistica Rapida""}}"
link,107-110,Contatto Azienda,Contact,107,110,Organization,Phone,"{""Description"": {""value"": ""Numero telefonico della Logistica Rapida""}}"
link,108-111,Utilizza,Uses,108,111,Person,Vehicle,"{""Description"": {""value"": ""Giuseppe Verdi utilizza il camion per trasporti sospetti""}}"
link,106-112,Contiene,Contains,106,112,Document,Document,"{""Description"": {""value"": ""La nota include documentazione dettagliata sulle attività logistiche""}}"
link,108-74,AssociatoCon,AssociatedWith,108,74,Person,Person,"{""Description"": {""value"": ""Giuseppe Verdi è collegato a Carlo Moretti per operazioni illecite""}}"
link,108-68,AssociatoCon,AssociatedWith,108,68,Person,Person,"{""value"": {""Description"": ""Giuseppe Verdi è collegato a Luigi Conti per movimentazione denaro""}}"
link,46-107,Frequenta,Attends,46,107,Person,Organization,"{""Description"": {""value"": ""Marco Rossi frequenta la sede della Logistica Rapida""}}"
link,51-107,Frequenta,Attends,51,107,Person,Organization,"{""value"": {""Description"": ""Giovanni Esposito frequenta la sede della Logistica Rapida""}}"
link,2-113,Documenta Trasporti Internazionali,Contains,2,113,Dossier,Document,"{""Description"": {""value"": ""Nota sui trasporti internazionali inclusa nel fascicolo principale""}}"
link,113-107,Coinvolge Logistica,Involves,113,107,Document,Organization,"{""Description"": {""value"": ""La nota documenta le attività della Logistica Rapida nei trasporti internazionali""}}"
link,113-108,Coinvolge Proprietario,Involves,113,108,Document,Person,"{""Description"": {""value"": ""La nota documenta il coinvolgimento del proprietario dell'azienda nei trasporti internazionali""}}"
link,107-114,Situato,BasedIn,107,114,Organization,Location,"{""Description"": {""value"": ""La Logistica Rapida utilizza il Porto di Genova per movimentare merci""}}"
link,108-115,Utilizza,Uses,108,115,Person,Vehicle,"{""Description"": {""value"": ""Giuseppe Verdi utilizza il container XYZ123 per trasporti internazionali""}}"
link,113-116,Contiene,Contains,113,116,Document,Document,"{""Description"": {""value"": ""La nota include documentazione dettagliata sui trasporti internazionali""}}"
link,108-87,AssociatoCon,AssociatedWith,108,87,Person,Person,"{""Description"": {""value"": ""Giuseppe Verdi è collegato a Sofia Romano per operazioni di riciclaggio internazionali""}}"
link,108-94,AssociatoCon,AssociatedWith,108,94,Person,Person,"{""Description"": {""value"": ""Giuseppe Verdi è collegato a Elena Costa per coordinare trasporti internazionali""}}"
link,46-114,Frequenta,Attends,46,114,Person,Location,"{""Description"": {""value"": ""Marco Rossi frequenta il Porto di Genova per coordinare le operazioni""}}"
link,51-114,Frequenta,Attends,51,114,Person,Location,"{""Description"": {""value"": ""Giovanni Esposito frequenta il Porto di Genova per coordinare le operazioni""}}"
link,2-117,Documenta Night Club,Contains,2,117,Dossier,Document,"{""Description"": {""value"": ""Nota sulle attività del Night Club Paradise inclusa nel fascicolo principale""}}"
link,117-118,Coinvolge Night Club,Involves,117,118,Document,Organization,"{""Description"": {""value"": ""La nota documenta le attività presso il Night Club Paradise""}}"
link,117-119,Coinvolge Gestore,Involves,117,119,Document,Person,"{""Description"": {""value"": ""La nota documenta il coinvolgimento del gestore del night club""}}"
link,118-120,Situato,BasedIn,118,120,Organization,Location,"{""Description"": {""value"": ""Indirizzo del Night Club Paradise""}}"
link,119-118,Gestisce,Controls,119,118,Person,Organization,"{""Description"": {""value"": ""Alessandro Mari gestisce il Night Club Paradise""}}"
link,118-121,Contatto Club,Contact,118,121,Organization,Phone,"{""Description"": {""value"": ""Numero telefonico del Night Club Paradise""}}"
link,119-122,Utilizza,Uses,119,122,Person,Vehicle,"{""Description"": {""value"": ""Alessandro Mari utilizza la Range Rover per trasporto clienti""}}"
link,117-123,Contiene,Contains,117,123,Document,Document,"{""Description"": {""value"": ""La nota include il registro dei clienti VIP""}}"
link,119-87,AssociatoCon,AssociatedWith,119,87,Person,Person,"{""Description"": {""value"": ""Alessandro Mari è collegato a Sofia Romano per operazioni di riciclaggio""}}"
link,119-101,AssociatoCon,AssociatedWith,119,101,Person,Person,"{""Description"": {""value"": ""Alessandro Mari è collegato a Marco Belli per gestione clienti VIP""}}"
link,118-100,Partnership,Associates,118,100,Organization,Organization,"{""Description"": {""value"": ""Collaborazione tra Night Club Paradise e Hotel Royal""}}"
link,46-118,Frequenta,Attends,46,118,Person,Organization,"{""Description"": {""value"": ""Marco Rossi frequenta il Night Club Paradise""}}"
link,51-118,Frequenta,Attends,51,118,Person,Organization,"{""Description"": {""value"": ""Giovanni Esposito frequenta il Night Club Paradise""}}"
link,2-124,Documenta Crypto,Contains,2,124,Dossier,Document,"{""Description"": {""value"": ""Nota sulle operazioni di cryptocurrency inclusa nel fascicolo principale""}}"
link,124-125,Coinvolge Exchange,Involves,124,125,Document,Organization,"{""Description"": {""value"": ""La nota documenta le attività presso il BitFast Exchange""}}"
link,124-126,Coinvolge Gestore,Involves,124,126,Document,Person,"{""Description"": {""value"": ""La nota documenta il coinvolgimento del proprietario dell'exchange""}}"
link,125-127,Situato,BasedIn,125,127,Organization,Location,"{""Description"": {""value"": ""Indirizzo del BitFast Exchange""}}"
link,126-125,Gestisce,Controls,126,125,Person,Organization,"{""Description"": {""value"": ""Davide Russo gestisce il BitFast Exchange""}}"
link,125-128,Contatto Exchange,Contact,125,128,Organization,Phone,"{""Description"": {""value"": ""Numero telefonico del BitFast Exchange""}}"
link,126-129,Utilizza,Uses,126,129,Person,Vehicle,"{""Description"": {""value"": ""Davide Russo utilizza l'Audi RS6""}}"
link,124-130,Contiene,Contains,124,130,Document,Document,"{""Description"": {""value"": ""La nota include il registro delle transazioni crypto""}}"
link,126-87,AssociatoCon,AssociatedWith,126,87,Person,Person,"{""Description"": {""value"": ""Davide Russo è collegato a Sofia Romano per operazioni di riciclaggio internazionale""}}"
link,126-68,AssociatoCon,AssociatedWith,126,68,Person,Person,"{""Description"": {""value"": ""Davide Russo è collegato a Luigi Conti per movimentazione denaro""}}"
link,125-86,Partnership,Associates,125,86,Organization,Organization,"{""Description"": {""value"": ""Collaborazione tra BitFast Exchange e Quick Money Exchange""}}"
link,46-125,Frequenta,Attends,46,125,Person,Organization,"{""Description"": {""value"": ""Marco Rossi frequenta il BitFast Exchange""}}"
link,51-125,Frequenta,Attends,51,125,Person,Organization,"{""Description"": {""value"": ""Giovanni Esposito frequenta il BitFast Exchange""}}"
link,148-9,AssociatoCon,AssociatedWith,148,9,Document,Person,"{""Description"": {""value"": ""La nota sulle operazioni internazionali è collegata a Salvatore Buzzi""}}"
link,149-10,Gestisce,Manages,149,10,Person,Organization,"{""Description"": {""value"": ""Alberto Conti gestisce la Cooperativa 29 Giugno""}}"
link,150-6,Situato,BasedIn,150,6,Location,Location,"{""Description"": {""value"": ""La sede delle operazioni internazionali è presso Immobiliare Roma Sud""}}"
link,151-7,Contatto,Contact,151,7,Phone,Phone,"{""Description"": {""value"": ""Numero di telefono di Alberto Conti per contatti con Carminati""}}"
link,152-133,Utilizza,Uses,152,133,Vehicle,Person,"{""Description"": {""value"": ""La Range Rover Evoque è utilizzata da Fabio Leone""}}"
link,148-8,CoinvoltoIn,InvolvedIn,148,8,Document,Document,"{""Description"": {""value"": ""La nota sulle operazioni internazionali coinvolge la documentazione di riciclaggio""}}"
link,149-11,Partecipato,ParticipatedIn,149,11,Person,Event,"{""Description"": {""value"": ""Alberto Conti ha partecipato all'assegnazione di appalti sospetti""}}"
link,150-19,Frequenta,Attends,150,19,Location,Location,"{""Description"": {""value"": ""La sede delle operazioni internazionali è frequentata da esponenti di Mafia Capitale""}}"
link,151-12,Contatto,Contact,151,12,Phone,Phone,"{""Description"": {""value"": ""Numero di telefono di Alberto Conti per contatti con Buzzi""}}"
link,152-137,Utilizza,Uses,152,137,Vehicle,Vehicle,"{""Description"": {""value"": ""La Range Rover Evoque è utilizzata insieme all'Audi A6""}}"
link,2-158,Documenta Operazioni Crypto,Contains,2,158,Dossier,Document,"{""Description"": {""value"": ""Nota sulle operazioni crypto sospette""}}"
link,158-159,Coinvolge,Involves,158,159,Document,Person,"{""Description"": {""value"": ""La nota documenta il coinvolgimento di Paolo Verdi""}}"
link,158-160,Coinvolge,Involves,158,160,Document,Location,"{""Description"": {""value"": ""La nota documenta le attività presso Via Tecnologia 100""}}"
link,159-160,Frequenta,Attends,159,160,Person,Location,"{""Description"": {""value"": ""Paolo Verdi frequenta Via Tecnologia 100 per le operazioni crypto""}}"
link,159-161,Contatto,Contact,159,161,Person,Phone,"{""Description"": {""value"": ""Numero di telefono di Paolo Verdi""}}"
link,159-162,Utilizza,Uses,159,162,Person,Vehicle,"{""Description"": {""value"": ""Paolo Verdi utilizza la Mercedes Classe E""}}"
link,161-162,Contatto,Contact,161,162,Phone,Vehicle,"{""Description"": {""value"": ""Telefono utilizzato per contatti relativi alla Mercedes Classe E""}}"
link,2-163,Documenta Operazioni Night Club,Contains,2,163,Dossier,Document,"{""Description"": {""value"": ""Nota sulle operazioni del night club""}}"
link,163-164,Coinvolge,Involves,163,164,Document,Person,"{""Description"": {""value"": ""La nota documenta il coinvolgimento di Francesco Bianchi""}}"
link,163-165,Coinvolge,Involves,163,165,Document,Location,"{""Description"": {""value"": ""La nota documenta le attività presso Via dei Giochi 100""}}"
link,164-165,Frequenta,Attends,164,165,Person,Location,"{""Description"": {""value"": ""Francesco Bianchi frequenta Via dei Giochi 100 per le operazioni del night club""}}"
link,164-166,Contatto,Contact,164,166,Person,Phone,"{""Description"": {""value"": ""Numero di telefono di Francesco Bianchi""}}"
link,164-167,Utilizza,Uses,164,167,Person,Vehicle,"{""Description"": {""value"": ""Francesco Bianchi utilizza la Range Rover Velar""}}"
link,166-167,Contatto,Contact,166,167,Phone,Vehicle,"{""value"": ""Telefono utilizzato per contatti relativi alla Range Rover Velar""}}"
link,2-168,Documenta Operazioni Crypto Exchange,Contains,2,168,Dossier,Document,"{""Description"": {""value"": ""Nota sulle operazioni crypto exchange""}}"
link,168-169,Coinvolge,Involves,168,169,Document,Person,"{""Description"": {""value"": ""La nota documenta il coinvolgimento di Andrea Conti""}}"
link,168-170,Coinvolge,Involves,168,170,Document,Location,"{""Description"": {""value"": ""La nota documenta le attività presso Via Firenze 100""}}"
link,169-170,Frequenta,Attends,169,170,Person,Location,"{""value"": ""Andrea Conti frequenta Via Firenze 100 per le operazioni crypto exchange""}}"
link,169-171,Contatto,Contact,169,171,Person,Phone,"{""value"": ""Numero di telefono di Andrea Conti""}}"
link,169-172,Utilizza,Uses,169,172,Person,Vehicle,"{""value"": ""Andrea Conti utilizza la Range Rover Vogue""}}"
link,171-172,Contatto,Contact,171,172,Phone,Vehicle,"{""value"": ""Telefono utilizzato per contatti relativi alla Range Rover Vogue""}}"
link,2-173,Documenta Operazioni Sala Giochi,Contains,2,173,Dossier,Document,"{""value"": ""Nota sulle operazioni della sala giochi""}}"
link,173-174,Coinvolge,Involves,173,174,Document,Person,"{""value"": ""La nota documenta il coinvolgimento di Roberto Bianchi""}}"
link,173-175,Coinvolge,Involves,173,175,Document,Location,"{""value"": ""La nota documenta le attività presso Via dei Giochi 150""}}"
link,174-175,Frequenta,Attends,174,175,Person,Location,"{""value"": ""Roberto Bianchi frequenta Via dei Giochi 150 per le operazioni della sala giochi""}}"
link,174-176,Contatto,Contact,174,176,Person,Phone,"{""value"": ""Numero di telefono di Roberto Bianchi""}}"
link,174-177,Utilizza,Uses,174,177,Person,Vehicle,"{""value"": ""Roberto Bianchi utilizza la Range Rover Discovery""}}"
link,176-177,Contatto,Contact,176,177,Phone,Vehicle,"{""value"": ""Telefono utilizzato per contatti relativi alla Range Rover Discovery""}}"
link,2-178,Documenta Operazioni Hotel,Contains,2,178,Dossier,Document,"{""value"": ""Nota sulle operazioni dell'hotel""}}"
link,178-179,Coinvolge,Involves,178,179,Document,Person,"{""value"": ""La nota documenta il coinvolgimento di Paolo Rossiis""}}"
link,178-180,Coinvolge,Involves,178,180,Document,Location,"{""value"": ""La nota documenta le attività presso Via Nazionale 400""}}"
link,179-180,Frequenta,Attends,179,180,Person,Location,"{""value"": ""Paolo Rossiis frequenta Via Nazionale 400 per le operazioni dell'hotel""}}"
link,179-181,Contatto,Contact,179,181,Person,Phone,"{""value"": ""Numero di telefono di Paolo Rossiis""}}"
link,179-182,Utilizza,Uses,179,182,Person,Vehicle,"{""value"": ""Paolo Rossiis utilizza la Range Rover Evoque""}}"
link,181-182,Contatto,Contact,181,182,Phone,Vehicle,"{""value"": ""Telefono utilizzato per contatti relativi alla Range Rover Evoque""}}"
link,86-67,Partnership,Associates,86,67,Organization,Organization,"{""Description"": {""value"": ""Collaborazione tra Quick Money Exchange e Banco Milano per operazioni di riciclaggio""}}"
link,79-107,Partnership,Associates,79,107,Organization,Organization,"{""Description"": {""value"": ""Collaborazione tra Trasporti Veloci e Logistica Rapida per movimentazione merci""}}"
link,93-86,Partnership,Associates,93,86,Organization,Organization,"{""Description"": {""value"": ""Collaborazione tra Global Travel Agency e Quick Money Exchange per movimenti internazionali""}}"
link,80-108,AssociatoCon,AssociatedWith,80,108,Person,Person,"{""Description"": {""value"": ""Paolo Ricci collabora con Giuseppe Verdi per coordinare trasporti""}}"
link,94-101,AssociatoCon,AssociatedWith,94,101,Person,Person,"{""Description"": {""value"": ""Elena Costa collabora con Marco Belli per gestione clienti esteri""}}"
link,87-126,AssociatoCon,AssociatedWith,87,126,Person,Person,"{""Description"": {""value"": ""Sofia Romano collabora con Davide Russo per riciclaggio crypto""}}"
link,114-81,Situato,BasedIn,114,81,Location,Location,"{""Description"": {""value"": ""Porto di Genova collegato al magazzino di Via Industriale per movimentazione merci""}}"
link,102-88,Situato,BasedIn,102,88,Location,Location,"{""Description"": {""value"": ""Hotel Royal vicino al Quick Money Exchange per facilitare operazioni""}}"
link,127-95,Situato,BasedIn,127,95,Location,Location,"{""Description"": {""value"": ""BitFast Exchange vicino alla Global Travel Agency per operazioni coordinate""}}"
link,83-111,Utilizza,Uses,80,111,Person,Vehicle,"{""Description"": {""value"": ""Paolo Ricci utilizza anche il camion Scania R450 per trasporti speciali""}}"
link,115-83,Utilizza,Uses,108,83,Person,Vehicle,"{""Description"": {""value"": ""Giuseppe Verdi utilizza il Mercedes Actros per alcuni trasporti""}}"
link,89-96,Contatto,Contact,89,96,Phone,Phone,"{""Description"": {""value"": ""Comunicazioni frequenti tra Quick Money Exchange e Global Travel Agency""}}"
link,82-110,Contatto,Contact,82,110,Phone,Phone,"{""Description"": {""value"": ""Comunicazioni frequenti tra Trasporti Veloci e Logistica Rapida""}}"
link,128-103,Contatto,Contact,128,103,Phone,Phone,"{""Description"": {""value"": ""Comunicazioni tra BitFast Exchange e Hotel Royal""}}"
link,80-87,AssociatoCon,AssociatedWith,80,87,Person,Person,"{""Description"": {""value"": ""Paolo Ricci collabora con Sofia Romano per movimentazione denaro""}}"
link,108-94,AssociatoCon,AssociatedWith,108,94,Person,Person,"{""Description"": {""value"": ""Giuseppe Verdi collabora con Elena Costa per trasporti internazionali""}}"
link,126-101,AssociatoCon,AssociatedWith,126,101,Person,Person,"{""Description"": {""value"": ""Davide Russo collabora con Marco Belli per riciclaggio tramite hotel""}}"
link,1-20,AssociatoCon,AssociatedWith,1,20,Person,Person,"{""Description"": {""value"": ""Michele Senese è collegato a Giorgio Bianchi per operazioni illecite""}}"
link,1-9,AssociatoCon,AssociatedWith,1,9,Person,Person,"{""Description"": {""value"": ""Michele Senese è collegato a Salvatore Buzzi per operazioni di riciclaggio""}}"
link,1-5,AssociatoCon,AssociatedWith,1,5,Person,Person,"{""Description"": {""value"": ""Michele Senese è collegato a Massimo Carminati per traffico di droga""}}"
link,1-13,AssociatoCon,AssociatedWith,1,13,Person,Person,"{""Description"": {""value"": ""Michele Senese è collegato a Luca Gramazio per supporto politico""}}"
link,1-14,AssociatoCon,AssociatedWith,1,14,Person,Person,"{""Description"": {""value"": ""Michele Senese è collegato a Franco Testa per operazioni immobiliari""}}"
link,1-46,AssociatoCon,AssociatedWith,1,46,Person,Person,"{""Description"": {""value"": ""Michele Senese è collegato a Marco Rossi per operazioni di riciclaggio""}}"
link,1-51,AssociatoCon,AssociatedWith,1,51,Person,Person,"{""Description"": {""value"": ""Michele Senese è collegato a Giovanni Esposito per traffico di droga""}}"
link,1-108,AssociatoCon,AssociatedWith,1,108,Person,Person,"{""Description"": {""value"": ""Michele Senese è collegato a Giuseppe Verdi per operazioni logistiche""}}"
link,1-119,AssociatoCon,AssociatedWith,1,119,Person,Person,"{""Description"": {""value"": ""Michele Senese è collegato a Alessandro Mari per operazioni di riciclaggio""}}"
link,20-9,AssociatoCon,AssociatedWith,20,9,Person,Person,"{""Description"": {""value"": ""Giorgio Bianchi è collegato a Salvatore Buzzi per operazioni di riciclaggio""}}"
link,20-5,AssociatoCon,AssociatedWith,20,5,Person,Person,"{""Description"": {""value"": ""Giorgio Bianchi è collegato a Massimo Carminati per traffico di droga""}}"
link,20-13,AssociatoCon,AssociatedWith,20,13,Person,Person,"{""Description"": {""value"": ""Giorgio Bianchi è collegato a Luca Gramazio per supporto politico""}}"
link,20-14,AssociatoCon,AssociatedWith,20,14,Person,Person,"{""Description"": {""value"": ""Giorgio Bianchi è collegato a Franco Testa per operazioni immobiliari""}}"
link,20-46,AssociatoCon,AssociatedWith,20,46,Person,Person,"{""Description"": {""value"": ""Giorgio Bianchi è collegato a Marco Rossi per operazioni di riciclaggio""}}"
link,20-51,AssociatoCon,AssociatedWith,20,51,Person,Person,"{""Description"": {""value"": ""Giorgio Bianchi è collegato a Giovanni Esposito per traffico di droga""}}"
link,20-108,AssociatoCon,AssociatedWith,20,108,Person,Person,"{""Description"": {""value"": ""Giorgio Bianchi è collegato a Giuseppe Verdi per operazioni logistiche""}}"
link,20-119,AssociatoCon,AssociatedWith,20,119,Person,Person,"{""Description"": {""value"": ""Giorgio Bianchi è collegato a Alessandro Mari per operazioni di riciclaggio""}}"
link,20-126,AssociatoCon,AssociatedWith,20,126,Person,Person,"{""Description"": {""value"": ""Giorgio Bianchi è collegato a Davide Russo per operazioni crypto""}}"
link,9-13,AssociatoCon,AssociatedWith,9,13,Person,Person,"{""Description"": {""value"": ""Salvatore Buzzi è collegato a Luca Gramazio per supporto politico""}}"
link,9-14,AssociatoCon,AssociatedWith,9,14,Person,Person,"{""Description"": {""value"": ""Salvatore Buzzi è collegato a Franco Testa per operazioni immobiliari""}}"
link,9-46,AssociatoCon,AssociatedWith,9,46,Person,Person,"{""Description"": {""value"": ""Salvatore Buzzi è collegato a Marco Rossi per operazioni di riciclaggio""}}"
link,9-51,AssociatoCon,AssociatedWith,9,51,Person,Person,"{""Description"": {""value"": ""Salvatore Buzzi è collegato a Giovanni Esposito per traffico di droga""}}"
link,9-108,AssociatoCon,AssociatedWith,9,108,Person,Person,"{""Description"": {""value"": ""Salvatore Buzzi è collegato a Giuseppe Verdi per operazioni logistiche""}}"
link,9-119,AssociatoCon,AssociatedWith,9,119,Person,Person,"{""Description"": {""value"": ""Salvatore Buzzi è collegato a Alessandro Mari per operazioni di riciclaggio""}}"
link,9-126,AssociatoCon,AssociatedWith,9,126,Person,Person,"{""Description"": {""value"": ""Salvatore Buzzi è collegato a Davide Russo per operazioni crypto""}}"
link,9-133,AssociatoCon,AssociatedWith,9,133,Person,Person,"{""Description"": {""value"": ""Salvatore Buzzi è collegato a Fabio Leone per operazioni di riciclaggio""}}"
link,9-139,AssociatoCon,AssociatedWith,9,139,Person,Person,"{""Description"": {""value"": ""Salvatore Buzzi è collegato a Giovanni Bianchi per operazioni finanziarie""}}"
link,79-107,Partnership,Associates,79,107,Organization,Organization,"{""Description"": {""value"": ""Partnership between Trasporti Veloci and Logistica Rapida for coordinated shipments""}}"
link,80-108,AssociatoCon,AssociatedWith,80,108,Person,Person,"{""Description"": {""value"": ""Paolo Ricci collaborates with Giuseppe Verdi for logistics operations""}}"
link,86-125,Partnership,Associates,86,125,Organization,Organization,"{""Description"": {""value"": ""Collaboration between Quick Money Exchange and BitFast Exchange for crypto-fiat operations""}}"
link,87-94,AssociatoCon,AssociatedWith,87,94,Person,Person,"{""Description"": {""value"": ""Sofia Romano works with Elena Costa for international money movements""}}"
link,93-100,Partnership,Associates,93,100,Organization,Organization,"{""Description"": {""value"": ""Global Travel Agency arranges accommodations through Hotel Royal""}}"
link,94-101,AssociatoCon,AssociatedWith,94,101,Person,Person,"{""Description"": {""value"": ""Elena Costa coordinates with Marco Belli for VIP client arrangements""}}"
link,100-118,Partnership,Associates,100,118,Organization,Organization,"{""Description"": {""value"": ""Hotel Royal provides services to Night Club Paradise clients""}}"
link,101-119,AssociatoCon,AssociatedWith,101,119,Person,Person,"{""Description"": {""value"": ""Marco Belli collaborates with Alessandro Mari for VIP services""}}"
link,125-132,Partnership,Associates,125,132,Organization,Organization,"{""Description"": {""value"": ""BitFast Exchange processes transactions for Sala Giochi Vegas""}}"
link,126-133,AssociatoCon,AssociatedWith,126,133,Person,Person,"{""Description"": {""value"": ""Davide Russo handles crypto transactions for Fabio Leone""}}"
link,107-79,Partnership,Associates,107,79,Organization,Organization,"{""Description"": {""value"": ""Logistica Rapida coordinates deliveries with Trasporti Veloci""}}"
link,86-67,Partnership,Associates,86,67,Organization,Organization,"{""Description"": {""value"": ""Quick Money Exchange works with Banco Milano for international transfers""}}"
link,87-68,AssociatoCon,AssociatedWith,87,68,Person,Person,"{""Description"": {""value"": ""Sofia Romano coordinates with Luigi Conti for banking operations""}}"
link,73-67,Partnership,Associates,73,67,Organization,Organization,"{""Description"": {""value"": ""Immobiliare Luna uses Banco Milano for property transactions""}}"
link,74-68,AssociatoCon,AssociatedWith,74,68,Person,Person,"{""Description"": {""value"": ""Carlo Moretti works with Luigi Conti for real estate financing""}}"